"","One-factor models","Model1","Model2","Model3","Model4"
"aic",5998.61646733706,5933.01232205238,5933.01232205242,5931.02933915958,5933.01232205242
"bic",6052.01429478261,5997.8525410934,5997.85254109344,5992.05542766878,5997.85254109344
"cfi",0.884760078281641,0.975328089745992,0.975328089745943,0.976625778180627,0.975328089745943
"rmsea",0.136427782057525,0.0712148239501686,0.07121482395024,0.066365644576632,0.07121482395024
"srmr",0.0682474541016804,0.03587921963677,0.0358792111713523,0.035924319416323,0.0358792111713523
